,author,content,description,publishedAt,source,title,url,urlToImage,relevancy
0,Mrinalini Krishna,President Trumps administration is exploring the option of levying a tax on U.S. imports from Mexico. White House Press Secretary Sean Spicer told reporters Thursday that the tax could be as high as 20%. Such a hefty burden could impact United States' trade w… [+3945 chars],We look at the value of the top U.S. imports from Mexico in 2016.,2018-10-07T01:02:00Z,"{'id': None, 'name': 'Investopedia.com'}",How Much Does The U.S. Import From Mexico?,https://www.investopedia.com/articles/insights/012717/how-much-does-us-import-mexico-gm-f.asp,https://i.investopedia.com/content/article/how_much_does_the_u./shutterstock_422459797.jpg,77
1,Emmanuel Okogba,"By Douglas Anele It is not by accident that after the bloodthirsty revenge coup its arrowheads, especially Lt. Col. Yakubu Gowon, Lt. Col. Murtala Mohammed and Maj. T.Y. Danjuma decided to strengthen their grip on political power in the interest of the northe… [+8556 chars]","Fiscally it means that automatically northern Nigeria has the advantage of two extra states than the south, in addition to the extra funds given to Abuja because of its special status. With respect to the structural composition of the National Assembly, the d…",2018-10-07T01:13:57Z,"{'id': None, 'name': 'Vanguardngr.com'}",The anatomy of restructuring (4),https://www.vanguardngr.com/2018/10/the-anatomy-of-restructuring-4/,https://www.vanguardngr.com/wp-content/uploads/2017/08/Screen-Shot-2017-08-19-at-04.31.21.png,64
2,,"Chinas trade war with the US and slumping growth at home is pushing Beijing to deepen its reliance on core state-owned institutions, even as liberals urge the continued opening of the economy and further market-friendly reforms. Donald Trumps trade battle aga… [+2256 chars]",US dispute heightens tension between central planning advocates and economic liberals,2018-10-07T01:52:57Z,"{'id': 'financial-times', 'name': 'Financial Times'}",China doubles down on SOEs as trade pressure builds,https://www.ft.com/content/f1ca06b2-c837-11e8-ba8f-ee390057b8c9,https://www.ft.com/__origami/service/image/v2/images/raw/http%3A%2F%2Fprod-upp-image-read.ft.com%2F8500ab04-c859-11e8-86e6-19f5b7134d1c?source=next-opengraph&fit=scale-down&width=900,28
3,none@none.com (The Newspaper's Correspondent),"NEW YORK: Days after US President Donald Trump warned that the oil-rich kingdoms leadership might not last two weeks without American support, Saudi crown prince praised the US leader saying any friend will say good things and bad things. In an interview with… [+1380 chars]","NEW YORK: Days after US President Donald Trump warned that the oil-rich kingdom’s leadership might not last “two weeks” without American support, Saudi crown prince praised the US leader saying “any friend will say good things and bad things”. In an interview…",2018-10-07T01:58:42Z,"{'id': None, 'name': 'Dawn.com'}",Saudi crown prince says he ‘loves’ working with Trump,https://www.dawn.com/news/1437348,http://i.dawn.com/large/2018/10/5bb98cb76949b.jpg,18
4,,The bears' full force attack kept bulls away from Dalal Street for another week as the market crashed and bruised sentiment badly. Benchmark indices saw the biggest-ever weekly fall in the absolute term and ended at a six-month low. More than Rs 8 lakh crore … [+9513 chars],The July-September quarter earnings season will begin this week and could become the reason for revival in market sentiment.,2018-10-07T02:38:11Z,"{'id': None, 'name': 'Moneycontrol.com'}","Earnings, rupee, macros among 10 key things that will keep traders busy this week",https://www.moneycontrol.com/news/business/markets/earnings-rupee-macros-among-10-key-things-that-will-keep-traders-busy-this-week-3019761.html,https://static-news.moneycontrol.com/static-mcnews/2018/07/Sensex_Nifty_BSE__traders-770x433.jpg,76
5,Moneycontrol,"Abhishek Karande The rupee surpassed a multi-year breakout level of 68.80 against US dollar which has been in place since August 2013 triggering a fresh trend that is now expected to unfold, and the pair could possibly continue to keep moving in the northern … [+2266 chars]","This breakout has unfolded from the ascending triangle pattern on the higher side and is expected to act as a continuation. Based on the pattern, the target for the USD/INR is placed at 79.20/80 level",2018-10-07T03:10:25Z,"{'id': None, 'name': 'Moneycontrol.com'}",Where is rupee headed? Technical chart suggest a move towards Rs 80/$,https://www.moneycontrol.com/news/business/markets/where-is-rupee-headed-technical-chart-suggest-a-move-towards-rs-80-3019391.html,https://static-news.moneycontrol.com/static-mcnews/2018/02/Rupees-770x433.jpg,101
6,,"Chandan Taparia Motilal Oswal Financial Services The Nifty has been making lower highs-lower lows on a weekly scale and has fallen around 1,500 points in the last five weeks. It formed a bearish candle on the daily and weekly scale, which suggests that bears … [+3242 chars]","Chandan Taparia of Motilal Oswal Financial Services said till the Nifty doesn#39;t surpass its immediate hurdle, the overall weak structure could continue to push the indices lower, while limiting the market upside",2018-10-07T04:05:49Z,"{'id': None, 'name': 'Moneycontrol.com'}",Volatility suggests market in tight bear grip; avoid bottom fishing till Nifty sees strong reversal,https://www.moneycontrol.com/news/business/markets/volatility-suggests-market-in-tight-bear-grip-avoid-bottom-fishing-till-nifty-sees-strong-reversal-3019871.html,https://static-news.moneycontrol.com/static-mcnews/2018/07/Chandan_Taparia-770x433.jpg,86
7,Nishant Kumar,"NEW DELHI: While an over 4,600-point fall in the BSE Sensex in 25 sessions has baffled one and all, thanks to a host of factors such as a weakening rupee, rising crude oil prices and spiking bond yields, some analysts feel there is more pain left in this mark… [+5420 chars]","Macro data, earnings and state election uncertainty will play key roles in the coming week.",2018-10-07T04:33:40Z,"{'id': 'the-times-of-india', 'name': 'The Times of India'}","Earnings, polls among 6 factors that’ll decide if Nifty50 can rebound this week",https://economictimes.indiatimes.com/markets/stocks/news/earnings-polls-among-6-factors-thatll-decide-if-nifty50-can-rebound-this-week/articleshow/66105072.cms,"https://img.etimg.com/thumb/msid-66105064,width-1070,height-580,imgsize-196923,overlay-etmarkets/photo.jpg",40
8,John Feffer | FPIF,"The news that Canada has caved on trade has me depressed. The glee with which Donald Trump has announced his latest “victory” is galling. Sure, he didn’t force Mexico and Canada to do everything he wanted in the NAFTA replacement. But he certainly can claim a… [+11125 chars]",Geopolitics is not a game for the faint of heart. It's the perfect playground for bullies,2018-10-07T04:36:00Z,"{'id': None, 'name': 'Business-standard.com'}",Bullying has won Trump a few foreign policy duels: Is it always effective?,https://www.business-standard.com/article/international/bullying-has-won-trump-a-few-foreign-policy-duels-is-it-always-effective-118100700078_1.html,https://bsmedia.business-standard.com/_media/bs/img/article/2018-08/14/full/1534235961-4034.jpg,92
9,Business Standard,Foreign investors have pulled out over Rs 93 billion ($1.3 billion) from the Indian capital markets in the last four trading sessions on unabated fall in rupee and rise in crude oil price. The latest withdrawal comes following a net outflow of over Rs 210 bil… [+2130 chars],FPIs have been net sellers almost throughout this calendar year except a couple of months,2018-10-07T04:50:00Z,"{'id': None, 'name': 'Business-standard.com'}","Rupee fall, high oil prices spook FPIs: Rs 93-bn pulled out in 4 sessions",https://www.business-standard.com/article/markets/rupee-fall-high-oil-prices-spook-fpis-rs-93-bn-pulled-out-in-4-sessions-118100700081_1.html,https://bsmedia.business-standard.com/_media/bs/img/article/2018-03/17/full/1521227642-3213.jpg,23
10,Nidhi Verma,"New Delhi : India will buy nine million barrels of Iranian oil in November, in a signal the world's third-biggest oil importer will continue purchasing crude from the Islamic republic despite US sanctions coming into force on November 4. ""Refiners have placed… [+622 chars]","India, the world's third largest oil importer, says it abides by sanctions imposed by the United Nations, but not those of other countries.",2018-10-07T04:57:49Z,"{'id': None, 'name': 'Smh.com.au'}",India buying Iran oil in defiance of Trump sanctions,https://www.smh.com.au/world/asia/india-buying-iran-oil-in-defiance-of-trump-sanctions-20181007-p5088f.html,"https://static.ffx.io/images/$zoom_0.2942,$multiply_1,$ratio_1.777778,$width_1059,$x_0,$y_36/t_crop_custom/w_800/t_sharpen,q_auto,f_auto/e7d9d38c4640f296dae245bdb57258ab11aa49a1",93
11,Observer editorial,"The extent of the challenge posed by Russia to Britain and its allies should not be exaggerated. Although it is boastful of its armed strength, Russias military spending fell by 20% last year, to a level below that of Saudi Arabia and one-tenth the equivalent… [+4710 chars]","The Russian president is playing a weak hand, but international collaboration is vital to push back against his threats The extent of the challenge posed by Russia to Britain and its allies should not be exaggerated. Although it is boastful of its armed stren…",2018-10-07T05:00:03Z,"{'id': 'the-guardian-au', 'name': 'The Guardian (AU)'}",The Observer view on how Putin’s spooks reveal what a dangerous foe he has become | Observer editorial,https://www.theguardian.com/commentisfree/2018/oct/07/observer-view-on-challenge-posed-by-russia,https://i.guim.co.uk/img/media/b30460cb005e376f825a934a8aecb96c250ddf26/0_106_3528_2117/master/3528.jpg?width=1200&height=630&quality=85&auto=format&fit=crop&crop=faces%2Centropy&bm=normal&ba=bottom%2Cleft&blend64=aHR0cHM6Ly9hc3NldHMuZ3VpbS5jby51ay9pbWFnZXMvb3ZlcmxheXMvZjZlYzA2YWNlZGUwZWRmMDNiMDM3MmE1Y2VkZWJmZTIvdG8tZGVmYXVsdC5wbmc&s=e67ff3969cf64f4a8878225708f9974b,19
12,"Ed Pilkington in Austin, Texas","On a balmy night in Austin, against the backdrop of the glittering high-rises of the citys booming downtown, Beto ORourke is laying out his audacious plan to change the face of Texas, and America. In front of him, packed into an open-air park, a largely young… [+18493 chars]","Texas, it is said, holds the keys to the future of America. So, if this longtime Republican stronghold fell to the Democrats it would be a seismic cultural shift. But insurgent candidate Beto O’Rourke has an uphill task On a balmy night in Austin, against the…",2018-10-07T05:00:04Z,"{'id': 'the-guardian-au', 'name': 'The Guardian (AU)'}",Can Beto do it? The battle for Texas that holds the key to America's future,https://www.theguardian.com/us-news/2018/oct/06/beto-o-rourke-ted-cruz-texas-election-battle-can-he-do-it,https://i.guim.co.uk/img/media/38cd71e12339b271e85de79c783913dff1e25acf/0_0_3500_2101/master/3500.jpg?width=1200&height=630&quality=85&auto=format&fit=crop&crop=faces%2Centropy&bm=normal&ba=bottom%2Cleft&blend64=aHR0cHM6Ly9hc3NldHMuZ3VpbS5jby51ay9pbWFnZXMvb3ZlcmxheXMvZDM1ODZhNWVmNTc4MTc1NmQyMWEzYjYzNWU1MTcxNDEvdGctZGVmYXVsdC5wbmc&s=be63fd1d9ce4486dd348f2d25e872906,36
13,PTI,"New Delhi: Foreign investors have pulled out over Rs 9,300 crore from the Indian capital markets in the last four trading sessions on unabated fall in rupee and rise in crude oil price. The latest withdrawal comes following a net outflow of over Rs 21,000 cro… [+2234 chars]","The latest withdrawal comes following a net outflow of over Rs 21,000 crore from the capital markets (both equity and debt) last month",2018-10-07T05:16:28Z,"{'id': None, 'name': 'Livemint.com'}","FPIs pull out Rs 9,300 crore in just 4 sessions",https://www.livemint.com/Money/gQFuVjG7hhRg6cUBbJlHrN/FPIs-pull-out-Rs-9300-crore-in-just-4-sessions.html,https://www.livemint.com/rf/Image-621x414/LiveMint/Period2/2018/10/08/Photos/Processed/rupee7.JPG,41
14,,"Delhi has the cheapest fuel rates among all metros and most state capitals because of lower taxes. Oil-marketing companies increased the prices of petrol and diesel across the four metro cities on Sunday. Petrol was priced at Rs. 81.82 per litre in New Delhi,… [+1250 chars]",Petrol and diesel rates are decided on a daily basis by oil-marketing companies on the basis of the rupee-dollar rate and global crude oil prices.,2018-10-07T05:17:04Z,"{'id': None, 'name': 'Ndtv.com'}","Petrol, Diesel Prices Continue To Rise: Check Fuel Rates Here",https://www.ndtv.com/business/petrol-diesel-rate-on-october-7-petrol-diesel-prices-continue-to-rise-check-fuel-rates-here-1928072,https://c.ndtvimg.com/2018-10/8edeksdk_petrol_625x300_06_October_18.jpg,32
15,PTI,"New Delhi, Oct 7 Foreign investors have pulled out over Rs 9,300 crore (41.3 billion) from the Indian capital markets in the last four trading sessions on the unabated fall in rupee and rise in crude oil price. The latest withdrawal comes following a net outf… [+2155 chars]","New Delhi, Oct 7 Foreign investors have pulled out over Rs 9,300 crore (41.3 billion) from the Indian capital markets in the last four trading session",2018-10-07T05:23:25Z,"{'id': None, 'name': 'Thehindubusinessline.com'}","FPIs remain in sell-off mode; pull out Rs 9,300-cr in 4 sessions",https://www.thehindubusinessline.com/markets/fpis-remain-in-sell-off-mode-pull-out-rs-9300-cr-in-4-sessions/article25148299.ece,https://www.thehindubusinessline.com/incoming/w3ad0k/article25148303.ece/ALTERNATES/LANDSCAPE_615/fpijpgjpg,62
16,BS Web Team,"Petrol and diesel prices rose across major cities on Sunday. While petrol prices went up by 14 paise, diesel prices have been hiked by around 30 paise. In the national capital, petrol is priced at Rs 81.82 per litre, up from Rs 81.64 on Saturday. With a simil… [+1490 chars]","In Delhi, diesel price is up 29 paise and is now being retailed at Rs 73.53 per litre",2018-10-07T05:35:00Z,"{'id': None, 'name': 'Business-standard.com'}",Petrol and diesel prices rise across metros: Check fuel rates here,https://www.business-standard.com/article/current-affairs/petrol-diesel-gets-costlier-across-metros-check-fuel-rates-here-118100700096_1.html,https://bsmedia.business-standard.com/_media/bs/img/article/2018-04/21/full/1524333381-5146.jpg,59
17,Nwafor Polycarp,"Muda Yusuf is the Director General of Lagos Chamber of Commerce and Industry (LCCI). He holds degrees in economics from the University of Ilorin and the University of Lagos. Passionate about private sector development and a strong private sector advocate, he … [+7039 chars]","Muda Yusuf is the Director General of Lagos Chamber of Commerce and Industry (LCCI). He holds degrees in economics from the University of Ilorin and the University of Lagos. Passionate about private sector development and a strong private sector advocate, he …",2018-10-07T05:49:08Z,"{'id': None, 'name': 'Vanguardngr.com'}","Dangote Refinery offers positive trajectory for Nigeria’s exchange rate—Yusuf, LCCI DG",https://www.vanguardngr.com/2018/10/dangote-refinery-offers-positive-trajectory-for-nigerias-exchange-rate-yusuf-lcci-dg/,https://www.vanguardngr.com/wp-content/uploads/2018/10/Muda-Yusuf2.jpg,47
18,IANS,"The continued weakness of the Indian rupee, along with cues on any further rise in US lending rates and the direction of foreign fund flows are likely to determine the trajectory of the Indian equity markets in the coming week. According to market observers, … [+3512 chars]","'The equity market outlook has taken a beating given the degradation in the quality of debt, redemption and heightened risk averseness by investors'",2018-10-07T05:50:00Z,"{'id': None, 'name': 'Business-standard.com'}",Where's the equity market headed? Watch out for these factors next week,https://www.business-standard.com/article/markets/where-s-the-equity-market-headed-watch-out-for-these-factors-next-week-118100700112_1.html,https://bsmedia.business-standard.com/_media/bs/img/article/2018-09/03/full/1535951418-7763.jpg,51
19,PTI,"New Delhi: Foreign investors have pulled out over Rs 9,300 crore (USD 1.3 billion) from the Indian capital markets in the last four trading sessions on unabated fall in rupee and rise in crude oil price. The latest withdrawal comes following a net outflow of … [+2146 chars]","The latest withdrawal comes following a net outflow of over Rs 21,000 crore in September.",2018-10-07T05:56:02Z,"{'id': 'the-times-of-india', 'name': 'The Times of India'}","FPIs pull out Rs 9,300 crore in just 4 sessions",https://economictimes.indiatimes.com/markets/stocks/news/fpis-pull-out-rs-9300-crore-in-just-4-sessions/articleshow/66105591.cms,"https://img.etimg.com/thumb/msid-66105600,width-1070,height-580,imgsize-120586,overlay-etmarkets/photo.jpg",2
20,Press Trust of India,"New Delhi: With non-BJP ruled states refusing to cut taxes on fuel, Finance Minister Arun Jaitley Saturday questioned Congress President Rahul Gandhi and his ""reluctant allies"" if they are only committed to tweets and television bytes when it comes to giving … [+3680 chars]","Jaitley accused the government critics of doing a 'volte-face' by terming the cut in petrol and diesel prices by Rs 2.5 per litre by the Centre as 'bad economics'. The post Rahul Gandhi and his allies’ tweets, TV bytes will not resolve challenges thrown up by…",2018-10-07T06:10:44Z,"{'id': None, 'name': 'Firstpost.com'}","Rahul Gandhi and his allies’ tweets, TV bytes will not resolve challenges thrown up by increase in crude oil prices: Arun Jaitley",https://www.firstpost.com/india/rahul-gandhi-and-his-allies-tweets-tv-bytes-will-not-resolve-challenges-thrown-up-by-increase-in-crude-oil-prices-arun-jaitley-5333471.html,https://images.firstpost.com/wp-content/uploads/2018/09/Arun-jaitley-reuters-social.jpg,14
21,,"Nifty50 on Friday closed at 10,316.45 points, down 614 points or 5.61% from the previous week's close. Mumbai: The continued weakness of the Indian rupee, along with cues on any further rise in US lending rates and the direction of foreign fund flows are like… [+3624 chars]","Last week, the rupee touched a fresh low of over 74 to a US dollar in the spot market. It settled at a record closing low of 73.77 per US dollar on October 5.",2018-10-07T06:17:34Z,"{'id': None, 'name': 'Ndtv.com'}","Rupee, Oil Prices To Drive Equity Indices This Week, Say Experts",https://www.ndtv.com/business/market-outlook-rupee-oil-prices-to-drive-equity-indices-this-week-say-experts-1928090,"https://c.ndtvimg.com/j888fuag_sensex,-nifty,-markets-reuters_625x300_31_July_18.jpg",44
22,,"By Sony Neme, Asaba The unrelenting flood wreaking havoc on farmlands across the country portends food security crisis. Already, affected communities in Delta, one of the four affected states declared a national disaster by President Muhammadu Buhari, are cou… [+12674 chars]",[Guardian] The unrelenting flood wreaking havoc on farmlands across the country portends food security crisis.,2018-10-07T06:49:09Z,"{'id': None, 'name': 'Allafrica.com'}","Nigeria:Delta Communities Count Losses, As Flood Ravages Farmlands",https://allafrica.com/stories/201810070020.html,https://cdn07.allafrica.com/static/images/structure/aa-logo-rgba-no-text-128x128.png,95
23,Parvatha Vardhini C,"With the bellwether indices plunging, many large-cap stocks have nose-dived in recent times, presenting an opportunity for long-term investors. Godrej Consumer Products (GCPL), a solid player, spells one such opportunity. The stock has lost over 25 per cent s… [+4327 chars]",A portfolio leaning towards premium products boosts prospects,2018-10-07T07:15:16Z,"{'id': None, 'name': 'Thehindubusinessline.com'}",Gaining colour,https://premium.thehindubusinessline.com/portfolio/stock-fundamental-analysis-india/gaining-colour/article25148530.ece,https://premium.thehindubusinessline.com/portfolio/stock-fundamental-analysis-india/q5jnvu/article25148527.ece/ALTERNATES/LANDSCAPE_615/PO08Haircolorpatterns,63
24,IANS,"Mumbai: The Reserve Bank of India's ( RBI ) stance, along with an expected hike in the US lending rates and high crude oil prices are expected to further exert pressure on the Indian rupee in the coming week, experts say. In addition, the continuous outflow o… [+2952 chars]",The rupee touched a fresh low of over 74 to a US dollar in the spot market last week.,2018-10-07T07:39:43Z,"{'id': 'the-times-of-india', 'name': 'The Times of India'}","Rupee may hit 75 mark on fund outflows, oil prices",https://economictimes.indiatimes.com/markets/forex/rupee-may-hit-75-mark-on-fund-outflows-crude-prices/articleshow/66106414.cms,"https://img.etimg.com/thumb/msid-66106481,width-1070,height-580,imgsize-186055,overlay-etmarkets/photo.jpg",1
25,,"The coming week is likely to be dominated by the outlook for the bond market, which has sold-off sharply so far in October. Strong US economic data and bullish comments from Federal Reserve officials triggered a ferocious Treasury sell-off last week, which qu… [+3422 chars]",A sharp rise in yields has so far set the agenda for global markets in October,2018-10-07T08:22:27Z,"{'id': 'financial-times', 'name': 'Financial Times'}",Will the bond market turbulence intensify?,https://www.ft.com/content/427b38d4-c882-11e8-ba8f-ee390057b8c9,https://www.ft.com/__origami/service/image/v2/images/raw/http%3A%2F%2Fprod-upp-image-read.ft.com%2Fb425e7de-c8ac-11e8-ba8f-ee390057b8c9?source=next-opengraph&fit=scale-down&width=900,16
26,IANS,"By concluding the S-400 Triumf long-range surface-to-air missile system deal with Russia in the face of Washington's sanctions on Moscow, India reasserted its independence on foreign policy in adherence with New Delhi's stated stand that its ties with one cou… [+5337 chars]",The S-400 missile deal has been an issue of much speculation after the Trump administration's Countering America's Adversaries Through Sanctions Act (CAATSA) law came into effect in January,2018-10-07T08:36:00Z,"{'id': None, 'name': 'Business-standard.com'}",S-400 deal: Here's how India reasserted its independence on foreign policy,https://www.business-standard.com/article/defence/s-400-deal-here-s-how-india-reasserted-its-independence-on-foreign-policy-118100700201_1.html,https://bsmedia.business-standard.com/_media/bs/img/article/2018-10/05/full/1538733318-8635.jpg,53
27,PTI,"New Delhi: Macroeconomic data, movement of the rupee and trend in global crude oil prices would be crucial for the stock markets this week, say experts. After back-to-back hikes since June, the Reserve Bank of India (RBI) kept interest rates unchanged Friday,… [+2614 chars]","Analysts say macroeconomic data such as IIP for August and CPI for September, movement of the rupee and trend in global crude oil prices would be crucial for the stock markets this week",2018-10-07T08:51:33Z,"{'id': None, 'name': 'Livemint.com'}","Retail inflation, crude oil prices to drive stock market this week",https://www.livemint.com/Money/wQ37s2Y7Qpes7pZ2L3i7hP/Retail-inflation-crude-oil-prices-to-drive-stock-market-thi.html,https://www.livemint.com/rf/Image-621x414/LiveMint/Period2/2018/10/08/Photos/Processed/trader-k1c--621x414@LiveMint.JPG,35
28,IANS,"NEW DELHI: By concluding the S-400 Triumf long-range surface-to-air missile system deal with Russia in the face of Washingtons sanctions on Moscow, India reasserted its independence on foreign policy in adherence with New Delhis stated stand that its ties wit… [+5347 chars]",The most significant outcome of the 2+2 Dialogue was the signing of the Communications Compatibility and Security Agreement (COMCASA) by the two sides. COMCASA guarantees India access to critical US defence technologies and communication networks to help the …,2018-10-07T08:59:45Z,"{'id': 'the-times-of-india', 'name': 'The Times of India'}",S-400 missile deal: India reasserts independent foreign policy,https://economictimes.indiatimes.com/news/defence/s-400-missile-deal-india-reasserts-independent-foreign-policy/articleshow/66106979.cms,"https://img.etimg.com/thumb/msid-66107009,width-1070,height-580,imgsize-930688,overlay-etdefence/photo.jpg",61
29,Lokeshwarri SK,"Indian investors would have been rattled by the extremely traumatic week that went by, perhaps one of the worst in recent times. The large downward gaps formed on Thursday and Friday, and the extremely weak close for the week, indicate that it will be a strug… [+5187 chars]","Levels of around 9,900 in Nifty and 32,500 in the Sensex are key supports",2018-10-07T09:31:01Z,"{'id': None, 'name': 'Thehindubusinessline.com'}",Where is the floor for the market?,https://premium.thehindubusinessline.com/portfolio/technical-analysis/where-is-the-floor-for-the-market/article25148870.ece,https://www.thehindubusinessline.com/static/theme/default/base/img/og-image.jpg,72
30,Reuters Editorial,"BRAZZAVILLE (Reuters) - Congo Republic’s government said on Saturday it plans to raise spending next year to 2.3 trillion CFA francs ($4.06 billion) compared with 1.6 trillion CFA francs in 2018. In a statement announcing the budget proposal, government spoke… [+863 chars]",Congo Republic's government said on Saturday it plans to raise spending next year to 2.3 trillion CFA francs ($4.06 billion) compared with 1.6 trillion CFA francs in 2018.,2018-10-07T09:31:21Z,"{'id': 'reuters', 'name': 'Reuters'}",Congo Republic approves 2019 budget with GDP growth forecast of 3.7 pct,https://af.reuters.com/article/investingNews/idAFKCN1MH0CF-OZABS,https://s4.reutersmedia.net/resources_v2/images/rcom-default.png,98
31,,"Oil-rich Gabon, ruled by the same political dynasty for nearly half a century, voted on Saturday in long-delayed legislative and municipal polls, the first since a presidential election two years ago that was marred by deadly violence and allegations of fraud… [+3845 chars]","Oil-rich Gabon, ruled by the same political dynasty for nearly half a century, voted on Saturday in long-delayed legislative and municipal polls, the first since a presidential election two years ago that was marred by deadly violence and allegations of",2018-10-07T09:54:01Z,"{'id': 'news24', 'name': 'News24'}",News24.com | Gabon votes for first time since violence-marred 2016 election,https://www.news24.com/Africa/News/gabon-votes-for-first-time-since-violence-marred-2016-election-20181006-2,http://cdn.24.co.za/files/Cms/General/d/5223/67273969e11043cb959b32f17074b793.jpg,81
32,Sam Jacobs,"Good morning. 1. All-important US jobs data missed expectations on Friday, with 134,000 jobs added for the month (185,000 forecast). But the numbers were partially affected by Hurricane Florence, and falling participation levels saw the US unemployment rate d… [+1599 chars]","Good morning. To the scoreboard. Dow. 26,447.05 -180.43 (-0.68%) S&P 500. 2,885.57 -16.04 (-0.55%) AUD/USD. 0.7053 -0.0022 (-0.31%) ASX200 SPI futures (December contracts). 6,146 (-28) More »",2018-10-07T09:56:04Z,"{'id': None, 'name': 'Businessinsider.com.au'}",6 things Australian traders will be talking about this morning,https://www.businessinsider.com.au/6-things-australian-traders-will-be-talking-about-this-morning-v2-2018-10,https://edge.alluremedia.com.au/uploads/businessinsider/2018/10/wake-640x360.jpg,67
33,Hale Stewart,"Let's begin this week by reviewing last week's key economic numbers, which show an economy hitting on all cylinders. The Institute for Supply Management released its monthly manufacturing and service sector indexes earlier this week, both of which were very s… [+3837 chars]",The underlying economy is in solid shape. Oil makes a new 52-week high this week; does the low unemployment rate mean we're closer to a recession than we think?,2018-10-07T10:04:44Z,"{'id': None, 'name': 'Seekingalpha.com'}",Technically Speaking For October 1-5,https://seekingalpha.com/article/4210236-technically-speaking-october-1minus-5,https://static.seekingalpha.com/uploads/2018/10/6/37137-15388310777503204_origin.png,10
34,Stephen Culp,"(Repeats with no changes to headline or text) By Stephen Culp NEW YORK, Oct 5 (Reuters) - The U.S. transportation sector, which many see as a proxy indicator of the economy’s health, has retreated 3.1 percent from its Sept. 14 record, hinting to some analysts… [+4411 chars]","The U.S. transportation sector, which many see as a proxy indicator of the economy's health, has retreated 3.1 percent from its Sept. 14 record, hinting to some analysts that the longest bull market on record has entered its late stages.",2018-10-07T11:00:00Z,"{'id': 'reuters', 'name': 'Reuters'}",RPT-Wall St Week Ahead-Are transportation stocks the market's canary in a coal mine?,https://www.reuters.com/article/usa-stocks-weekahead/rpt-wall-st-week-ahead-are-transportation-stocks-the-markets-canary-in-a-coal-mine-idUSL2N1WL1L4,https://s4.reutersmedia.net/resources_v2/images/rcom-default.png,58
35,Doug Noland,"October 3 - CNBC (Jeff Cox): ""Federal Reserve Chairman Jerome Powell said the central bank has a ways to go yet before it gets interest rates to where they are neither restrictive nor accommodative. In a question and answer session Wednesday with Judy Woodruf… [+57009 chars]",October 3 - CNBC (Jeff Cox): Federal Reserve Chairman Jerome Powell said the central bank has a ways to go yet before it gets interest rates to where they are n,2018-10-07T11:01:40Z,"{'id': None, 'name': 'Seekingalpha.com'}",Weekly Commentary: Contemporary Finance's Defect,https://seekingalpha.com/article/4210242-weekly-commentary-contemporary-finances-defect,https://static3.seekingalpha.com/assets/og_image_192-59bfd51c9fe6af025b2f9f96c807e46f8e2f06c5ae787b15bf1423e6c676d4db.png,103
36,https://www.dailymail.co.uk/home/search.html?s=&authornamef=Reuters,"By Tife Owolabi PORT HARCOURT, Oct 7 (Reuters) - Atiku Abubakar won a primary race to become the main opposition challenger to Nigerian President Muhammadu Buhari in elections next year, results showed on Sunday. Abubakar, a former vice president, will stand … [+1042 chars]","By Tife OwolabiPORT HARCOURT, Oct 7 (Reuters) - Atiku Abubakar won a  primary race to become the main opposition challenger to  Nigerian President Muhammadu...",2018-10-07T11:27:30Z,"{'id': 'daily-mail', 'name': 'Daily Mail'}",Ex-VP Abubakar named opposition challenger to Nigeria's...,https://www.dailymail.co.uk/wires/reuters/article-6249343/Ex-VP-Abubakar-named-opposition-challenger-Nigerias-president.html,https://i.dailymail.co.uk/i/pix/m_logo_636x382px.png,56
37,,"PORT HARCOURT: Atiku Abubakar won a primary race to become the main opposition challenger to Nigerian President Muhammadu Buhari in elections next year, results showed on Sunday. Abubakar, a former vice president, will stand as the Peoples Democratic Party (P… [+988 chars]","Atiku Abubakar won a primary race to become the main opposition challenger to Nigerian President Muhammadu Buhari in elections next year, results showed on Sunday.",2018-10-07T11:41:01Z,"{'id': None, 'name': 'Channelnewsasia.com'}",Ex-VP Abubakar named opposition challenger to Nigeria's president,https://www.channelnewsasia.com/news/world/ex-vp-abubakar-named-opposition-challenger-to-nigeria-s-president-10800838,http://www.channelnewsasia.com/image/10800836/16x9/991/557/81a787397aa3ce6b27d0458c22b1a7b/vM/nigerian-former-vp-abubakar-attends-reuters-interview-in-abuja-1.jpg,27
38,By Tife Owolabi,"PORT HARCOURT (Reuters) - Atiku Abubakar won a primary race to become the main opposition challenger to Nigerian President Muhammadu Buhari in elections next year, results showed on Sunday. Abubakar, a former vice president, will stand as the Peoples Democrat… [+957 chars]","PORT HARCOURT (Reuters) - Atiku Abubakar won a primary race to become the main opposition challenger to Nigerian President Muhammadu Buhari in elections next year, results showed on Sunday.",2018-10-07T11:41:30Z,"{'id': None, 'name': 'Thestar.com.my'}",Ex-VP Abubakar named opposition challenger to Nigeria's president,http://www.thestar.com.my/news/world/2018/10/07/exvp-abubakar-named-opposition-challenger-to-nigerias-president/,https://www.thestar.com.my/~/media/online/2018/10/07/11/41/20181007t113244z_1_lynxnpee960nq_rtroptp_4_nigeriapolitics.ashx/?w=620&h=413&crop=1&hash=AD883E8557FF035EED8DBC7677FB13A0DA4A5E85,87
39,Tife Owolabi,"PORT HARCOURT (Reuters) - Atiku Abubakar won a primary race to become the main opposition challenger to Nigerian President Muhammadu Buhari in elections next year, results showed on Sunday. Abubakar, a former vice president, will stand as the Peoples Democrat… [+955 chars]","Atiku Abubakar won a primary race to become the main opposition challenger to Nigerian President Muhammadu Buhari in elections next year, results showed on Sunday.",2018-10-07T11:42:29Z,"{'id': 'reuters', 'name': 'Reuters'}",Ex-VP Abubakar named opposition challenger to Nigeria's president,https://af.reuters.com/article/topNews/idAFKCN1MH0JH-OZATP,https://s3.reutersmedia.net/resources/r/?m=02&d=20181007&t=2&i=1312161614&w=1200&r=LYNXNPEE960NW-OZATP,97
40,,Global central banks are gradually withdrawing easy monetary policy a decade since they began racing to the rescue of a world economy skidding into recession. The Federal Reserve’s benchmark is now the highest since 2008 and officials are signalling another h… [+30015 chars],Global central banks are gradually withdrawing easy monetary policy a decade since they began racing to the rescue of a world economy skidding into recession.,2018-10-07T11:44:43Z,"{'id': None, 'name': 'Fin24.com'}",Fin24.com | IN DEPTH: A guide to what the world’s top central banks will do next,https://www.fin24.com/Economy/World/in-depth-a-guide-to-what-the-worlds-top-central-banks-will-do-next-20181007,http://cdn.24.co.za/files/Cms/General/d/7154/9897ef0a39bc4a7fbc727ca3c9276031.jpg,91
41,Milan Vaishnav CMT MSTA,"Friday’s session was a terribly disappointing one for the market, as global macroeconomic factors forced a lower start to the day. In the end, the Nifty drifted even lower in view of the Reserve Bank of India (RBI) maintaining a status quo on interest rates. … [+2491 chars]",As much as 42L shares were added by Nifty in OI. PCR has dropped into the oversold territory.,2018-10-07T11:47:13Z,"{'id': 'the-times-of-india', 'name': 'The Times of India'}",Trade setup: Nifty50 may look to make a much-delayed pullback,https://economictimes.indiatimes.com/markets/stocks/news/trade-setup-nifty50-may-look-to-make-a-much-delayed-pullback/articleshow/66108296.cms,"https://img.etimg.com/thumb/msid-66108353,width-1070,height-580,imgsize-286977,overlay-etmarkets/photo.jpg",82
42,Suhit K Sen,"The Indian government has for once shown itself to be both courageous and independent in its dealings with other nations by defying unilateral ukases issued by the United States (US). Thus, its decisions to go ahead with the purchase of five S-400 Triumf miss… [+7843 chars]","The Indian government has for once shown itself to be both courageous and independent in its dealings with other nations by defying unilateral ukases issued by the United States (US). The post India defies unilateral US injunctions, prioritises strategic inte…",2018-10-07T11:47:18Z,"{'id': None, 'name': 'Firstpost.com'}","India defies unilateral US injunctions, prioritises strategic interests by maintaining commercial ties with Iran",https://www.firstpost.com/world/india-defies-unilateral-us-injunctions-prioritises-strategic-interests-by-maintaining-commercial-ties-with-iran-5334941.html,https://images.firstpost.com/wp-content/uploads/2017/05/Narendra-Modi-Hassan-Rouhani-India-Iran_PTI_Social.jpg,37
43,Press Trust of India,"The hike in minimum support prices (MSP) for kharif crop announced in July by the Narendra Modi Government was ""well below"" the ones effected under the previous UPA Governments in 2008-09 and 2012-13, the Reserve Bank has said. The government had announced th… [+2403 chars]",The government had announced the hike in MSPs in July for the summer or the kharif crop,2018-10-07T12:00:00Z,"{'id': None, 'name': 'Business-standard.com'}","Hike in MSPs in July was well below ones announced in FY09 & FY13, says RBI",https://www.business-standard.com/article/pti-stories/hike-in-msps-in-july-was-well-below-ones-announced-in-fy09-118100700341_1.html,https://bsmedia.business-standard.com/_media/bs/img/article/2018-07/14/full/1531588713-9809.jpg,78
44,Markit,"Fear about too little supply has gripped oil markets recently and caused crude prices to surge 4.4% last week. Chemical prices moved in sympathy with oil and rose an even stronger 5.2%. Although more broadly commodity prices continue to be soft, the strength … [+1288 chars]",Fear about too little supply has gripped oil markets recently and caused crude prices to surge 4.4% last week. Chemical prices moved in sympathy with oil and ro,2018-10-07T12:06:38Z,"{'id': None, 'name': 'Seekingalpha.com'}",Weekly Pricing Pulse: Iranian Crude Supply Drives Oil Prices To Multi-Year Highs,https://seekingalpha.com/article/4210249-weekly-pricing-pulse-iranian-crude-supply-drives-oil-prices-multi-year-highs,https://static1.seekingalpha.com/uploads/2018/10/7/saupload_image_16228401631538762938895.png,0
45,PTI,"The hike in minimum support prices ( MSP ) for kharif crop announced in July by the Narendra Modi Government was ""well below"" the ones effected under the previous UPA Governments in 2008-09 and 2012-13, the Reserve Bank has said. The government had announced … [+2408 chars]","The hike in minimum support prices (MSP) for kharif crop announced in July by the Narendra Modi Government was ""well below"" the ones effected under the previous UPA Governments in 2008-09 and 2012-13, the Reserve Bank has said.",2018-10-07T12:17:33Z,"{'id': 'the-times-of-india', 'name': 'The Times of India'}",Hike in MSPs in July was well below ones announced in FY 2009 & FY 2013: RBI,https://economictimes.indiatimes.com/news/economy/agriculture/hike-in-msps-in-july-was-well-below-ones-announced-in-fy-2009-fy-2013-rbi/articleshow/66108553.cms,"https://img.etimg.com/thumb/msid-66108584,width-1070,height-580,imgsize-544899,overlay-economictimes/photo.jpg",6
46,Anand Kalyanaraman,"For India, which imports more than 80 per cent of its crude-oil requirement, the past year-and-a-half has not been a good one on energy pricing. Global oil price (Brent) and, along with it, the price of the Indian crude-oil basket has nearly doubled since mid… [+5267 chars]","Oil has staged a strong comeback, but the rally may have run its course",2018-10-07T12:22:31Z,"{'id': None, 'name': 'Thehindubusinessline.com'}",Will oil go up to $100 a barrel?,https://premium.thehindubusinessline.com/portfolio/commodity-analysis/will-oil-go-up-to-100-a-barrel/article25149391.ece,https://premium.thehindubusinessline.com/portfolio/commodity-analysis/gw7ymb/article25149390.ece/ALTERNATES/LANDSCAPE_615/PO08Oilpricesup,33
47,Press Trust of India,"Scheduled commuter carrier Air Odisha is all set to take a Sharjah-based NRI investor on board as it seeks to tap fresh capital to fuel its expansion plans and the announcement to this effect is likely to be made soon, a source said. The Bhubaneshwar-based ai… [+2380 chars]",Air Odisha is currently 60 per cent owned by two Ahmedabad-headquartered firms,2018-10-07T12:30:00Z,"{'id': None, 'name': 'Business-standard.com'}",Air Odisha to dilute stake to Sharjah-based NRI crude oil company,https://www.business-standard.com/article/companies/air-odisha-to-dilute-stake-to-sharjah-based-nri-crude-oil-company-118100700369_1.html,https://bsmedia.business-standard.com/_media/bs/img/article/2018-10/05/full/1538689181-5379.jpg,48
48,,"By Tife Owolabi PORT HARCOURT (Reuters) - Atiku Abubakar won on Sunday almost half the votes cast in a primary race to become the main opposition challenger to Nigerian President Muhammadu Buhari in next year's elections, party officials said. Abubakar, 71 an… [+2712 chars]","By Tife Owolabi PORT HARCOURT (Reuters) - Atiku Abubakar won on Sunday almost half the votes cast in a primary race to become the main opposition challenger to Nigerian President Muhammadu Buhari in next year's elections, party officials said. Abubakar, 71 an…",2018-10-07T12:34:00Z,"{'id': None, 'name': 'Yahoo.com'}",Nigeria's opposition PDP selects Abubakar as 2019 presidential election,https://www.yahoo.com/news/former-vp-abubakar-named-opposition-challenger-nigerias-president-111358263.html,https://s.yimg.com/os/mit/media/m/social/images/social_default_logo-1481777.png,45
49,Tife Owolabi,"PORT HARCOURT (Reuters) - Atiku Abubakar won on Sunday almost half the votes cast in a primary race to become the main opposition challenger to Nigerian President Muhammadu Buhari in next year’s elections, party officials said. Abubakar, 71 and a former vice … [+2694 chars]","Atiku Abubakar won on Sunday almost half the votes cast in a primary race to become the main opposition challenger to Nigerian President Muhammadu Buhari in next year's elections, party officials said.",2018-10-07T12:34:00Z,"{'id': 'reuters', 'name': 'Reuters'}",Nigeria's opposition PDP selects Abubakar as 2019 presidential election,https://www.reuters.com/article/us-nigeria-election-pdp/nigerias-opposition-pdp-selects-abubakar-as-2019-presidential-election-idUSKCN1MH0I6,https://s1.reutersmedia.net/resources/r/?m=02&d=20181007&t=2&i=1312154702&w=1200&r=LYNXNPEE960JA,7
50,Tife Owolabi,"(Adds dropped final word in headline. No other changes to text.) By Tife Owolabi PORT HARCOURT, Oct 7 (Reuters) - Atiku Abubakar won on Sunday almost half the votes cast in a primary race to become the main opposition challenger to Nigerian President Muhammad… [+2783 chars]","Atiku Abubakar won on Sunday almost half the votes cast in a primary race to become the main opposition challenger to Nigerian President Muhammadu Buhari in next year's elections, party officials said.",2018-10-07T12:35:45Z,"{'id': 'reuters', 'name': 'Reuters'}",RPT-UPDATE 2-Nigeria's opposition PDP selects Abubakar as 2019 presidential election looms,https://www.reuters.com/article/nigeria-election-pdp/rpt-update-2-nigerias-opposition-pdp-selects-abubakar-as-2019-presidential-election-looms-idUSL8N1WN0LG,https://s4.reutersmedia.net/resources_v2/images/rcom-default.png,100
51,"Ray Grabanski, Progressive Ag","Krasnodar is close to the port of Novorossiysk in the Black Sea region, while Rostov is northeast of Moscow. The market backed off the following day as reports stated that the facilities will stay open until investigations are completed regarding potential ru… [+6764 chars]",AG Week US-Mexico-Canada Agreement supports markets AG Week The wheat market was showing slight gains to open the week when an announcement regarding the potential curtailing of Russian wheat exports gave the market a good shot in the arm during Oct. 2 trade.…,2018-10-07T12:35:50Z,"{'id': None, 'name': 'Agweek.com'}",US-Mexico-Canada Agreement supports markets - AG Week,http://www.agweek.com/opinion/columns/4509548-us-mexico-canada-agreement-supports-markets,http://www.agweek.com/sites/default/files/styles/16x9_1240/public/field/image/071017.AG_.WheatTrigger02_3.jpg?itok=MgwVBzJh,31
52,https://www.dailymail.co.uk/home/search.html?s=&authornamef=Reuters,"By Tife Owolabi PORT HARCOURT, Oct 7 (Reuters) - Atiku Abubakar won on Sunday almost half the votes cast in a primary race to become the main opposition challenger to Nigerian President Muhammadu Buhari in next year's elections, party officials said. Abubakar… [+2781 chars]","By Tife OwolabiPORT HARCOURT, Oct 7 (Reuters) - Atiku Abubakar won on  Sunday almost half the votes cast in a primary race to become  the main opposition...",2018-10-07T12:37:31Z,"{'id': 'daily-mail', 'name': 'Daily Mail'}",UPDATE 2-Nigeria's opposition PDP selects Abubakar as...,https://www.dailymail.co.uk/wires/reuters/article-6249439/UPDATE-2-Nigerias-opposition-PDP-selects-Abubakar-2019-presidential-election-looms.html,https://i.dailymail.co.uk/i/pix/m_logo_636x382px.png,71
53,https://www.dailymail.co.uk/home/search.html?s=&authornamef=Reuters,"DUBAI, Oct 7 (Reuters) - The oil market is balanced in terms of supply and demand, Qatar's Energy Minister Mohammed al-Sada said on Sunday. ""Geopolitical changes"" are the reason for the recent rise in crude prices, the state-run Qatar News Agency quoted him a… [+541 chars]","DUBAI, Oct 7 (Reuters) - The oil market is balanced in terms of supply and demand, Qatar's Energy Minister Mohammed al-Sada said on Sunday.""Geopolitical...",2018-10-07T12:42:31Z,"{'id': 'daily-mail', 'name': 'Daily Mail'}","Oil market is balanced, says Qatar energy minister",https://www.dailymail.co.uk/wires/reuters/article-6249447/Oil-market-balanced-says-Qatar-energy-minister.html,https://i.dailymail.co.uk/i/pix/m_logo_636x382px.png,43
54,Reuters Editorial,"DUBAI (Reuters) - The oil market is balanced in terms of supply and demand, Qatar’s Energy Minister Mohammed al-Sada said on Sunday. “Geopolitical changes” are the reason for the recent rise in crude prices, the state-run Qatar News Agency quoted him as sayin… [+469 chars]","The oil market is balanced in terms of supply and demand, Qatar's Energy Minister Mohammed al-Sada said on Sunday.",2018-10-07T12:43:23Z,"{'id': 'reuters', 'name': 'Reuters'}","Oil market is balanced, says Qatar energy minister",https://www.reuters.com/article/us-opec-qatar-crude/oil-market-is-balanced-says-qatar-energy-minister-idUSKCN1MH0LN,https://s3.reutersmedia.net/resources/r/?m=02&d=20181007&t=2&i=1312176122&w=1200&r=LYNXNPEE960QN,90
55,Reuters Editorial,"DUBAI (Reuters) - The oil market is balanced in terms of supply and demand, Qatar’s Energy Minister Mohammed al-Sada said on Sunday. “Geopolitical changes” are the reason for the recent rise in crude prices, the state-run Qatar News Agency quoted him as sayin… [+469 chars]","The oil market is balanced in terms of supply and demand, Qatar's Energy Minister Mohammed al-Sada said on Sunday.",2018-10-07T12:43:48Z,"{'id': 'reuters', 'name': 'Reuters'}","Oil market is balanced, says Qatar energy minister",https://in.reuters.com/article/opec-qatar-crude/oil-market-is-balanced-says-qatar-energy-minister-idINKCN1MH0LP,https://s3.reutersmedia.net/resources/r/?m=02&d=20181007&t=2&i=1312176162&w=1200&r=LYNXNPEE960QO,42
56,Tife Owolabi,"PORT HARCOURT (Reuters) - Atiku Abubakar won on Sunday almost half the votes cast in a primary race to become the main opposition challenger to Nigerian President Muhammadu Buhari in next year’s elections, party officials said. Abubakar, 71 and a former vice … [+2694 chars]",Reuters Nigeria's opposition PDP selects Abubakar as 2019 presidential election looms Reuters PORT HARCOURT (Reuters) - Atiku Abubakar won on Sunday almost half the votes cast in a primary race to become the main opposition challenger to Nigerian President Mu…,2018-10-07T12:47:41Z,"{'id': 'reuters', 'name': 'Reuters'}",Nigeria's opposition PDP selects Abubakar as 2019 presidential election looms - Reuters,https://uk.reuters.com/article/uk-nigeria-election-pdp/nigerias-opposition-pdp-selects-abubakar-as-2019-presidential-election-looms-idUKKCN1MH0J3,https://s3.reutersmedia.net/resources/r/?m=02&d=20181007&t=2&i=1312159668&w=1200&r=LYNXNPEE960NQ,13
57,,"The hike in minimum support prices (MSP) for kharif crop announced in July by the Narendra Modi Government was ""well below"" the ones effected under the previous UPA Governments in 2008-09 and 2012-13, the Reserve Bank has said. The government had announced th… [+2407 chars]","The government had announced the hike in MSPs in July for the summer or the kharif crop, following a budget announcement affirming a 50 percent mark up to farmers over the cost of production",2018-10-07T12:54:04Z,"{'id': None, 'name': 'Moneycontrol.com'}","MSP hike in July was well below ones announced in FY09, FY13: RBI",https://www.moneycontrol.com/news/india/msp-hike-in-july-was-well-below-ones-announced-in-fy09-fy13-rbi-3021181.html,https://static-news.moneycontrol.com/static-mcnews/2018/09/commodities_mclink_06sep-770x433.jpg,74
58,Biblical Archaeology Society Staff,"Biblical Archaeology Society Staff • 10/07/2018 Does this recently excavated ancient menorah graffito show us what the Temple menorah looked like? The Jewish menorahespecially the Temple menorah, a seven-branched candelabra that stood in the Templeis the most… [+11970 chars]","The Jewish menorah—especially the Temple menorah, a seven-branched candelabra that stood in the Temple—is the most enduring and iconic Jewish symbol. But what did the Temple menorah actually look like? Learn more in this post and view a number of important me…",2018-10-07T13:00:44Z,"{'id': None, 'name': 'Biblicalarchaeology.org'}",Understanding the Jewish Menorah,https://www.biblicalarchaeology.org/daily/biblical-sites-places/temple-at-jerusalem/understanding-the-jewish-menorah/,https://www.biblicalarchaeology.org/wp-content/uploads/menorah-graffito1.jpg,89
59,"nobody@acs.org(""Mitch Jacoby""), Mitch Jacoby",Getting the last drops of laundry detergent out of a bottle can be frustrating. Some people turn the container upside down and shake. Or they just let the contents drip out slowly. Others add water to dilute the liquid so it comes out faster. Consumers dont w… [+14514 chars],Scientists and engineers are testing nanomaterials that can track oil stuck below ground and improve yields from wells,2018-10-07T13:15:02Z,"{'id': None, 'name': 'Acs.org'}","Seeking to boost oil production, petroleum researchers turn to nanotech",https://cen.acs.org/energy/fossil-fuels/Seeking-boost-oil-production-petroleum/96/i40?utm_source=feedburner&utm_medium=feed&utm_campaign=Feed%3A+cen_latestnews+%28Chemical+%26+Engineering+News%3A+Latest+News%29,https://cen.acs.org/content/dam/cen/96/40/09640-cover-opener.jpg,25
60,IE Online,"Published: October 7, 2018 7:01:38 pm The government had announced the hike in MSPs in July for the summer or the kharif crop, following a budget announcement affirming a 50 per cent mark up to farmers over the cost of produce. (File) The hike in minimum supp… [+2770 chars]","The RBI, in its Monetary Policy Report released on Friday, however, did not elaborate on the assertion beyond a visual chart depicting the MSP hikes for different commodities for multiple years.",2018-10-07T13:31:38Z,"{'id': None, 'name': 'Indianexpress.com'}",Modi govt’s hike in MSPs for Kharif crops well below the ones announced under UPA: RBI,https://indianexpress.com/article/business/economy/modi-govts-hike-in-msps-for-kharif-crops-well-below-the-ones-announced-under-upa-rbi-5390752/,https://images.indianexpress.com/2018/08/kharif.jpg?w=759,4
61,hurriyetdailynews.com,"WASHINGTON-Reuters The Trump administration is actively considering waivers on sanctions it will reimpose next month for countries that are reducing their imports of Iranian oil, a U.S. government official said on Oct. 5. The administration withdrew from a de… [+1605 chars]","The Trump administration is actively considering waivers on sanctions it will reimpose next month for countries that are reducing their imports of Iranian oil, a U.S. government official said on Oct. 5.",2018-10-07T13:41:00Z,"{'id': None, 'name': 'Hurriyetdailynews.com'}",US ‘actively considering waivers on Iran oil sanctions’,http://www.hurriyetdailynews.com/us-actively-considering-waivers-on-iran-oil-sanctions-137615,http://i.hurimg.com/i/hdn/75/200x200/5bba0d0f2269a221bcb4f9d2.jpg,20
62,,"Scheduled commuter carrier Air Odisha is all set to take a Sharjah-based NRI investor on board as it seeks to tap fresh capital to fuel its expansion plans and the announcement to this effect is likely to be made soon, a source said. The Bhubaneshwar-based ai… [+2378 chars]",The Bhubaneshwar-based airline has also brought in industry veteran Bhupesh Joshi as its chief executive officer ahead of bringing in the new Sharjah-based partner,2018-10-07T13:50:04Z,"{'id': None, 'name': 'Moneycontrol.com'}",Air Odisha to dilute stake to Sharjah-based NRI crude oil firm,https://www.moneycontrol.com/news/business/air-odisha-to-dilute-stake-to-sharjah-based-nri-crude-oil-firm-3021231.html,https://static-news.moneycontrol.com/static-mcnews/2017/09/Bookmycharter-770x433.jpg,5
63,,"The market continued to see relentless selling pressure between October 1 and 5, with the Nifty falling 5.6 percent to close a tad above 10,300 levels. The surprise move on rates by Reserve Bank of India's (RBI's) Monetary Policy Committee (MPC), the consiste… [+14626 chars]","According to Pivot charts, the key support level is placed at 10,205.37, followed by 10,094.23. If the index starts moving upwards, key resistance levels to watch out are 10,484.17 and 10,651.83.",2018-10-07T13:50:56Z,"{'id': None, 'name': 'Moneycontrol.com'}",Trade Setup for Monday: Top 15 things to know before Opening Bell,https://www.moneycontrol.com/news/business/markets/trade-setup-for-monday-top-15-things-to-know-before-opening-bell-27-3018281.html,https://static-news.moneycontrol.com/static-mcnews/2018/08/Sensex_Nifty_BSE_Stock-Market_traders-770x433.jpg,70
64,,"The oil market is balanced in terms of supply and demand, Qatar's Energy Minister Mohammed al-Sada said on October 7. ""Geopolitical changes"" are the reason for the recent rise in crude prices, the state-run Qatar News Agency quoted him as saying. ""There are d… [+422 chars]","""Geopolitical changes"" are the reason for the recent rise in crude prices, the state-run Qatar News Agency quoted him as saying",2018-10-07T13:54:09Z,"{'id': None, 'name': 'Moneycontrol.com'}","Oil market is balanced, says Qatar energy minister",https://www.moneycontrol.com/news/business/oil-market-is-balanced-says-qatar-energy-minister-3021361.html,https://static-news.moneycontrol.com/static-mcnews/2018/10/Oil-Crude-Oil-770x433.jpg,3
65,Osato Avan-Nomayo,"Venezuelas President Nicolas Maduro recently announced the official launch of the Petro cryptocurrency. In a follow-up development, the government says payment for travel passports will now be made in Petro. Petro Public Sale Starts November 2018 According to… [+2676 chars]","Venezuela’s President Nicolas Maduro recently announced the official launch of the Petro cryptocurrency. In a follow-up development, the government says payment for travel passports will now be made in Petro. Petro Public Sale Starts November 2018 According t…",2018-10-07T14:00:05Z,"{'id': None, 'name': 'Bitcoinist.com'}",Venezuela Finally Launches Controversial State-issued Petro Cryptocurrency,https://bitcoinist.com/venezuela-finally-launches-controversial-state-issued-petro-cryptocurrency/,https://bitcoinist.com/wp-content/uploads/2018/10/shutterstock_1031179876.jpg,39
66,,"Saudi Arabian equities retreated the most in the Middle East, even after Crown Prince Mohammed bin Salman said the kingdom’s plan to overhaul its oil-dependent economy is on track. All other major stock gauges in the region also fell. The Tadawul All Share In… [+1430 chars]","Saudi Arabian equities retreated the most in the Middle East, even after Crown Prince Mohammed bin Salman said the kingdom’s plan to overhaul its oil-dependent economy is on track. All other major stock gauges in the region also fell.",2018-10-07T14:32:16Z,"{'id': None, 'name': 'Fin24.com'}",Fin24.com | Saudi stocks lead gulf drop as Aramco IPO confirmed: Inside EM,https://www.fin24.com/Economy/World/saudi-stocks-lead-gulf-drop-as-aramco-ipo-confirmed-inside-em-20181007,http://cdn.24.co.za/files/Cms/General/d/7149/fae20a653cb0423d88e7ce485008e31f.jpg,52
67,,"Atiku Abubakar, Nigerias former vice-president and a serial contender for the top job, has won the main opposition partys nomination to challenge President Muhammadu Buhari in Februarys elections. Over the next five months, the pair will battle for control of… [+2993 chars]",Former vice-president and businessman wins main opposition party’s nomination,2018-10-07T15:05:09Z,"{'id': 'financial-times', 'name': 'Financial Times'}",Nigeria’s Abubakar to challenge Buhari for presidency,https://www.ft.com/content/25d47548-ca2f-11e8-9fe5-24ad351828ab,https://www.ft.com/__origami/service/image/v2/images/raw/http%3A%2F%2Fprod-upp-image-read.ft.com%2Ff3f701a0-ca40-11e8-b276-b9069bde0956?source=next-opengraph&fit=scale-down&width=900,17
68,Ujjval Jauhari,Investor confidence in public sector oil and gas companies took a battering for the second session in a row as brokerages downgraded the stocks and the rupee plunged further following the Reserve Bank of India’s (RBI's) stance on the rupee. After losing 10-12… [+308 chars],"Despite sharp profit revisions, a weak rupee, higher crude oil prices and the government's stance could lead to further downsides",2018-10-07T15:10:00Z,"{'id': None, 'name': 'Business-standard.com'}","Earnings pressure may intensify for OMCs; HPCL, BPCL, IOCL stocks fall",https://www.business-standard.com/article/markets/earnings-pressure-may-intensify-for-omcs-hpcl-bpcl-iocl-stocks-fall-118100700518_1.html,https://bsmedia.business-standard.com/_media/bs/img/article/2018-06/27/full/1530047435-6791.jpg,46
69,The Star Online,"WASHINGTON: Gas prices are going in the wrong direction for American consumers. The national average is climbing towards US$3 a gallon at a time of year when it should be falling. With mid-term elections around the corner, that is uncomfortable news for incum… [+1499 chars]",WASHINGTON: Gas prices are going in the wrong direction for American consumers. The national average is climbing towards US$3 a gallon at a time of year when it should be falling.,2018-10-07T16:00:00Z,"{'id': None, 'name': 'Thestar.com.my'}",Just in time for election day: gas at US$3 a gallon,http://www.thestar.com.my/business/business-news/2018/10/08/just-in-time-for-election-day-gas-at-us3-a-gallon/,https://cdn.thestar.com.my/Themes/img/newTsol_logo_socmedia.png?v=2018108,80
70,Dietrich Klose,"Eingebetteter Medieninhalt Eingebetteter Medieninhalt Eingebetteter Medieninhalt October 7, 2018: Famine and war Saudi Arabia and Yemen Saudi ambitions in Mahrah province Saudi Arabia, the next failed state? and more Schwerpunkte / Key aspects Klassifizierung… [+152021 chars]","7. Oktober 2018: Hunger und Krieg – Saudi-Arabien und Jemen – Saudische Ambitionen in der Provinz Mahrah – Saudi Arabien, der nächste gescheiterte Staat? – und mehr Eingebetteter Medieninhalt Eingebetteter Medieninhalt Eingebetteter Medieninhalt October 7, 20…",2018-10-07T16:53:00Z,"{'id': None, 'name': 'Freitag.de'}",Yemen Press Reader 466: | Jemenkrieg-Mosaik 466 - Yemen War Mosaic 466,https://www.freitag.de/autoren/dklose/jemenkrieg-mosaik-466-yemen-war-mosaic-466,https://www.freitag.de/++theme++freitag.theme/build/assets/img/community_social_media_share.jpg,102
71,Robert Berke,The Trump Administration trade policy is nowhere so clear as in the energy area. For years it was thought that the younger Bush Administration was one of the most energy industry friendly in history. But the Trump Administration has gone far beyond that. Hiri… [+9315 chars],The Trump Administration trade policy is nowhere so clear as in the energy area. For years it was thought that the younger Bush Administration was one of the most energy industry friendly in history. But the Trump Administration has gone far beyond that. Hiri…,2018-10-07T17:00:00Z,"{'id': None, 'name': 'Oilprice.com'}",Is The U.S. Using Force To Sell Its LNG To The World?,https://oilprice.com/Geopolitics/International/Is-The-US-Using-Force-To-Sell-Its-LNG-To-The-World.html,https://d32r1sh890xpii.cloudfront.net/article/718x300/89bed2d9bd7f03dd3f3b07b1030e1fb4.jpg,85
72,,"(Bloomberg) -- Saudi Arabian equities retreated the most in the Middle East, even after Crown Prince Mohammed bin Salman said the kingdoms plan to overhaul its oil-dependent economy is on track. All other major stock gauges in the region also fell. The Tadawu… [+3767 chars]","Yahoo News Saudi Stocks Lead Gulf Drop as Aramco IPO Confirmed Yahoo News (Bloomberg) -- Saudi Arabian equities retreated the most in the Middle East, even after Crown Prince Mohammed bin Salman said the kingdom's plan to overhaul its oil-dependent economy is…",2018-10-07T17:21:25Z,"{'id': None, 'name': 'Yahoo.com'}",Saudi Stocks Lead Gulf Drop as Aramco IPO Confirmed - Yahoo News,https://finance.yahoo.com/news/saudi-stocks-lead-gulf-drop-133739066.html,https://s.yimg.com/uu/api/res/1.2/kuTwhf7_BsoX9IQcTc8u5g--~B/aD02NzU7dz0xMjAwO3NtPTE7YXBwaWQ9eXRhY2h5b24-/http://media.zenfs.com/en-US/homerun/bloomberg_markets_842/d3c5140b20f8ed87421052bab3264b8d,11
73,Kalpana Pathak,"Mumbai: Reliance Industries Ltd (RIL) raised prices of at least seven key petrochemicals in the last quarter to offset higher crude oil prices and counter the effect of a weakening rupee. Bulk chemicals traders, suppliers for RIL’s petrochemical products and … [+4127 chars]",Reliance Industries Ltd (RIL) increased prices of seven key petrochemicals by 10-21% in the second quarter of this fiscal year while the year-on-year increase is 17-61%,2018-10-07T17:51:45Z,"{'id': None, 'name': 'Livemint.com'}",Reliance hikes petrochemical prices to offset rising oil,https://www.livemint.com/Companies/ILOWDxbel3o8yb3heKIBzI/Reliance-hikes-petrochemical-prices-to-offset-rising-oil.html,https://www.livemint.com/rf/Image-621x414/LiveMint/Period2/2018/10/08/Photos/Processed/ril-kWDE--621x414@LiveMint.jpg,38
74,,"CAMARILLO, Calif. (AP) The average U.S. price of regular-grade gasoline has spiked 7 cents a gallon over the past two weeks, costing $2.97. Industry analyst Trilby Lundberg of the Lundberg Survey says that's 41 cents a gallon higher than at this time last yea… [+525 chars]","CAMARILLO, Calif. (AP) — The average U.S. price of regular-grade gasoline has spiked 7 cents a gallon over the past two weeks, costing $2.97.",2018-10-07T18:01:45Z,"{'id': 'associated-press', 'name': 'Associated Press'}",Average US price of gas spikes 7 cents per gallon to $2.97,https://apnews.com/76c34dd7cfa147fc872bb972f1906436,https://bloximages.newyork1.vip.townnews.com/roanoke.com/content/tncms/custom/image/00f1ee32-f2d0-11e6-9926-f7249dbfe53a.jpg?_dc=1487088586,83
75,The Associated Press,"CAMARILLO, Calif. (AP) The average U.S. price of regular-grade gasoline has spiked 7 cents a gallon over the past two weeks, costing $2.97. Industry analyst Trilby Lundberg of the Lundberg Survey says that’s 41 cents a gallon higher than at this time last yea… [+310 chars]","CAMARILLO, Calif. (AP) — The average U.S. price of regular-grade gasoline has spiked 7 cents a gallon over the past two weeks, costing $2.97. Industry analyst Trilby Lundberg of the Lundberg Survey says that’s 41 cents a gallon higher than at this time last y…",2018-10-07T18:01:45Z,"{'id': None, 'name': 'Seattletimes.com'}",Average US price of gas spikes 7 cents per gallon to $2.97,https://www.seattletimes.com/business/average-us-price-of-gas-spikes-7-cents-per-gallon-to-2-97/,https://www.seattletimes.com/wp-content/themes/st_refresh/img/st-meta-facebook.png,9
76,Ishan Bakshi,"Contrary to expectations, the monetary policy committee (MPC) voted to keep the benchmark repo rate unchanged in its latest meeting. With the six-member committee voting five to one to maintain the status quo, the repo rate stands at 6.5 per cent as seen in C… [+1533 chars]","On the growth front, with the recent data shows that industrial production is maintaining its growth momentum, RBI has retained its GDP growth projection for 2018-19 at 7.4%",2018-10-07T18:04:00Z,"{'id': None, 'name': 'Business-standard.com'}","Statsguru: RBI takes a breather, maintains status quo on policy rates",https://www.business-standard.com/article/economy-policy/statsguru-rbi-takes-a-breather-maintains-status-quo-on-policy-rates-118100700636_1.html,https://bsmedia.business-standard.com/_media/bs/img/article/2018-10/07/full/1538935730-2549.jpg,75
77,Associated Press,"CAMARILLO, Calif. The average U.S. price of regular-grade gasoline has spiked 7 cents a gallon over the past two weeks, costing $2.97. Industry analyst Trilby Lundberg of the Lundberg Survey says that's 41 cents a gallon higher than at this time last year. Lu… [+305 chars]","The average U.S. price of regular-grade gasoline has spiked 7 cents a gallon over the past two weeks, costing $2.97.",2018-10-07T18:05:19Z,"{'id': None, 'name': 'Startribune.com'}",Average US price of gas spikes 7 cents per gallon to $2.97,http://www.startribune.com/average-us-price-of-gas-spikes-7-cents-per-gallon-to-2-97/495388791/,http://assets.startribune.com/static/img/branding/logos/strib-social-card.png?d=1538594655,96
78,https://www.dailymail.co.uk/home/search.html?s=&authornamef=Associated+Press,"CAMARILLO, Calif. (AP) - The average U.S. price of regular-grade gasoline has spiked 7 cents a gallon over the past two weeks, costing $2.97. Industry analyst Trilby Lundberg of the Lundberg Survey says that's 41 cents a gallon higher than at this time last y… [+375 chars]","CAMARILLO, Calif. (AP) - The average U.S. price of regular-grade gasoline has spiked 7 cents a gallon over the past two weeks, costing $2.97.Industry analyst...",2018-10-07T18:07:20Z,"{'id': 'daily-mail', 'name': 'Daily Mail'}",Average US price of gas spikes 7 cents per gallon to $2.97,https://www.dailymail.co.uk/wires/ap/article-6250085/Average-US-price-gas-spikes-7-cents-gallon-2-97.html,https://i.dailymail.co.uk/i/pix/m_logo_636x382px.png,55
79,Business Standard Editorial Comment,"India appears to be entering another period of demand-driven overheating. Both the current account deficit and the fiscal deficit appear to be slipping, driven by government expenditure and rising global crude oil prices. This is a dynamic that is familiar fr… [+2965 chars]",Meeting the fiscal deficit target looks challenging,2018-10-07T18:17:00Z,"{'id': None, 'name': 'Business-standard.com'}",Living on hope,https://www.business-standard.com/article/opinion/living-on-hope-118100700643_1.html,https://bsmedia.business-standard.com/_media/bs/img/article/default/1181007/full-118100700643.jpg,34
80,Business Standard Editorial Comment,"The Monetary Policy Committee (MPC) of the Reserve Bank of India (RBI) seems to be making a habit of throwing up surprises. In the past two bi-monthly reviews, the MPC chose to raise policy rates while keeping its stand “neutral”. Since the last policy review… [+320 chars]",RBI seems concerned about fiscal discipline,2018-10-07T18:22:00Z,"{'id': None, 'name': 'Business-standard.com'}",Another surprise,https://www.business-standard.com/article/opinion/another-surprise-118100800003_1.html,https://bsmedia.business-standard.com/_media/bs/img/article/default/1181008/full-118100800003.jpg,66
81,By JPOST EDITORIAL,"X Dear Reader, As you can imagine, more people are reading The Jerusalem Post than ever before. Nevertheless, traditional business models are no longer sustainable and high-quality publications, like ours, are being forced to look for new ways to keep going. … [+5199 chars]","""Iranian intentions concerning Israel are known, but its leaders do not wish to pay too high a price.""",2018-10-07T18:23:19Z,"{'id': 'the-jerusalem-post', 'name': 'The Jerusalem Post'}",Dealing with Iran,https://www.jpost.com/Opinion/Dealing-with-Iran-568862,"https://images.jpost.com/image/upload/f_auto,fl_lossy/t_Article2016_ControlFaceDetect/429671",94
82,newsfeeds@nzherald.co.nz,"CAMARILLO, Calif. (AP) The average U.S. price of regular-grade gasoline has spiked 7 cents a gallon over the past two weeks, costing $2.97. Industry analyst Trilby Lundberg of the Lundberg Survey says that's 41 cents a gallon higher than at this time last yea… [+310 chars]","CAMARILLO, Calif. (AP) — The average U.S. price of regular-grade gasoline has spiked 7 cents a gallon over the past two weeks, costing $2.97.Industry analyst Trilby Lundberg of the Lundberg Survey says that's 41 cents a gallon higher...",2018-10-07T18:24:59Z,"{'id': None, 'name': 'Nzherald.co.nz'}",Average US price of gas spikes 7 cents per gallon to $2.97,https://www.nzherald.co.nz/business/news/article.cfm?c_id=3&objectid=12138708,/pb/resources/assets/img/fallback-promo-image.png?token=false,65
83,Reuters Editorial,"(Reuters) - A tropical depression became Tropical Storm Michael on Sunday and may become a hurricane by midweek, potentially bringing storm surges and heavy rainfall to the U.S. Gulf Coast, the U.S. National Hurricane Center (NHC) said. The storm was about 22… [+1610 chars]","A tropical depression became Tropical Storm Michael on Sunday and may become a hurricane by midweek, potentially bringing storm surges and heavy rainfall to the U.S. Gulf Coast, the U.S. National Hurricane Center (NHC) said.",2018-10-07T18:25:29Z,"{'id': 'reuters', 'name': 'Reuters'}","Tropical Storm Michael looms over Gulf of Mexico, could become hurricane",https://www.reuters.com/article/us-weather-storm/tropical-storm-michael-looms-over-gulf-of-mexico-could-become-hurricane-idUSKCN1MH080,https://s4.reutersmedia.net/resources_v2/images/rcom-default.png,29
84,,"REUTERS: A tropical depression became Tropical Storm Michael on Sunday and may become a hurricane by midweek, potentially bringing storm surges and heavy rainfall to the U.S. Gulf Coast, the U.S. National Hurricane Center (NHC) said. The storm was about 225 m… [+1651 chars]","REUTERS: A tropical depression became Tropical Storm Michael on Sunday and may become a hurricane by midweek, potentially bringing storm surges ...",2018-10-07T18:30:32Z,"{'id': None, 'name': 'Channelnewsasia.com'}","Tropical Storm Michael looms over Gulf of Mexico, could become hurricane",https://www.channelnewsasia.com/news/world/tropical-storm-michael-looms-over-gulf-of-mexico--could-become-hurricane-10801664,http://www.channelnewsasia.com/image/8695344/16x9/991/557/609aa1d555bc236155019d989012c2c5/sP/world.png,79
85,The Star Online,"(Reuters) - A tropical depression became Tropical Storm Michael on Sunday and may become a hurricane by midweek, potentially bringing storm surges and heavy rainfall to the U.S. Gulf Coast, the U.S. National Hurricane Center (NHC) said. The storm was about 22… [+1612 chars]","(Reuters) - A tropical depression became Tropical Storm Michael on Sunday and may become a hurricane by midweek, potentially bringing storm surges and heavy rainfall to the U.S. Gulf Coast, the U.S. National Hurricane Center (NHC) said.",2018-10-07T18:33:50Z,"{'id': None, 'name': 'Thestar.com.my'}","Tropical Storm Michael looms over Gulf of Mexico, could become hurricane",http://www.thestar.com.my/news/world/2018/10/08/tropical-storm-michael-looms-over-gulf-of-mexico-could-become-hurricane/,https://cdn.thestar.com.my/Themes/img/newTsol_logo_socmedia.png?v=2018108,73
86,ENS Economic Bureau,"Rs 84,115 crore pulled out since April; Rs 7,094 crore withdrawn from equities in October. The huge sell-off by foreign investors contributed to the stock market crash last week when the Sensex plummeted by 1,850 points. Foreign investors pulled out over Rs 9… [+3579 chars]","The latest withdrawal comes following a net outflow of over Rs 21,035 crore from the capital markets (both equity and debt) in the month of September.",2018-10-07T18:35:54Z,"{'id': None, 'name': 'Indianexpress.com'}","FPIs take out Rs 9,358 crore from Indian markets in four days",https://indianexpress.com/article/business/market/fpis-take-out-rs-9358-crore-from-indian-markets-in-four-days-5390991/,https://images.indianexpress.com/2018/08/lira-dollar-759.jpg?w=759,8
87,Hinds Howard,"Midstream and MLPs had their best day in a few months on Monday (AMZ +2.2%). They struggled to hold those gains the rest of the week, but did finish +1.8% vs. last week, in line with the utilities. Utilities followed a different path to +1.8%, selling off ear… [+7849 chars]","Midstream and MLPs had their best day in a few months on Monday (AMZ +2.2%). They struggled to hold those gains the rest of the week, but did finish +1.8% vs. l",2018-10-07T19:14:34Z,"{'id': None, 'name': 'Seekingalpha.com'}",Midstream In Relief,https://seekingalpha.com/article/4210292-midstream-relief,https://static.seekingalpha.com/uploads/2018/10/7/saupload_Weekly_10-5-18.png,12
88,Reuters,"(Reuters) - A tropical depression became Tropical Storm Michael on Sunday and may become a hurricane by midweek, potentially bringing storm surges and heavy rainfall to the U.S. Gulf Coast, the U.S. National Hurricane Center (NHC) said. The storm was about 22… [+1693 chars]","(Reuters) - A tropical depression became Tropical Storm Michael on Sunday and may become a hurricane by midweek, potentially bringing storm surges and heavy rainfall to the U.S. Gulf Coast, the U.S The post Tropical Storm Michael looms over Gulf of Mexico, co…",2018-10-07T19:36:14Z,"{'id': None, 'name': 'Firstpost.com'}","Tropical Storm Michael looms over Gulf of Mexico, could become hurricane",https://www.firstpost.com/world/tropical-storm-michael-looms-over-gulf-of-mexico-could-become-hurricane-5336641.html,https://images.firstpost.com/wp-content/themes/firstpost/images/220x220_Watermark.jpg,26
89,Ami Shah,"The turmoil in the stock markets has made retail and high net-worth investors (HNI) wary of initial public offerings (IPOs), leaving institutional investors to do the heavy lifting to see share sales through. The benchmark Sensex shed almost 1,850 points, or … [+2883 chars]","The IPOs of Aavas Financiers, Garden Reach and Dinesh Engineers saw lacklustre, barely weeks after the blockbuster share sales of Ircon International and HDFC AMC",2018-10-07T20:13:42Z,"{'id': None, 'name': 'Livemint.com'}","HNIs, retail investors shun IPOs amid market turmoil",https://www.livemint.com/Money/msDeG6OXhy1sRe987BLRvL/HNIs-retail-investors-shun-IPOs-amid-market-turmoil.html,https://www.livemint.com/rf/Image-621x414/LiveMint/Period2/2018/10/08/Photos/Processed/G-IPO-kMlC--621x414@LiveMint.jpg,69
90,Tsvetana Paraskova,Tesla’s competition is about to get more crowded next year with many legacy automakers and luxury brands launching a record number of battery electric vehicles and plug-in hybrids. All EV makers will have one common element that could help lift demand for bat… [+4297 chars],Tesla’s competition is about to get more crowded next year with many legacy automakers and luxury brands launching a record number of battery electric vehicles and plug-in hybrids. All EV makers will have one common element that could help lift demand for bat…,2018-10-07T21:00:00Z,"{'id': None, 'name': 'Oilprice.com'}",Oil Price Rally Boosts Electric Car Sales,https://oilprice.com/Energy/Energy-General/Oil-Price-Rally-Boosts-Electric-Car-Sales.html,https://d32r1sh890xpii.cloudfront.net/article/718x300/57605ed7d5b165651bd4a9b42fcedafa.jpg,68
91,besguerra,"Last Sept. 19, the local stock market slipped into bear territory on escalated local inflation jitters in the aftermath of Typhoon Ompong. By then, stocks had already been battered by fears arising from the US-China trade war, rising oil prices and a weakenin… [+4814 chars]","Last Sept. 19, the local stock market slipped into bear territory on escalated local inflation jitters in the aftermath of Typhoon “Ompong.” The post Global headwinds appeared first on Inquirer Opinion.",2018-10-07T21:08:28Z,"{'id': None, 'name': 'Inquirer.net'}",Global headwinds,https://opinion.inquirer.net/116615/global-headwinds,https://www.inquirer.net/wp-content/uploads/2016/10/new-inq-fb-def.jpg,84
92,Reuters Editorial,"(Reuters) - Tropical Storm Michael battered parts of Mexico and Cuba with powerful winds and drenching rains on Sunday as it churned in the Caribbean on a path that could see it slam into the U.S. Gulf Coast later this week with hurricane force, officials sai… [+2090 chars]","Tropical Storm Michael battered parts of Mexico and Cuba with powerful winds and drenching rains on Sunday as it churned in the Caribbean on a path that could see it slam into the U.S. Gulf Coast later this week with hurricane force, officials said.",2018-10-07T22:10:01Z,"{'id': 'reuters', 'name': 'Reuters'}","Storm Michael churns in Caribbean, threatens U.S. Gulf Coast",https://www.reuters.com/article/us-weather-storm/storm-michael-churns-in-caribbean-threatens-u-s-gulf-coast-idUSKCN1MH080,https://s4.reutersmedia.net/resources_v2/images/rcom-default.png,30
93,Tyler Durden,"Authored by Peter Coy, op-ed via Bloomberg.com, The incumbent international currency has been American for decades. Is it time for regime change? Theres a paradox at the heart of global finance. The U.S. share of the world economy has drifted lower for decade… [+11147 chars]","Authored by Peter Coy, op-ed via Bloomberg.com, The incumbent international currency has been American for decades. Is it time for regime change? There’s a paradox at the heart of global finance. The U.S. share of the world economy has drifted lower for decad…",2018-10-07T22:30:00Z,"{'id': None, 'name': 'Zerohedge.com'}",The Tyranny Of The U.S. Dollar,https://www.zerohedge.com/news/2018-10-07/tyranny-us-dollar,https://www.zerohedge.com/sites/default/files/styles/max_650x650/public/2018-10/2018-10-07_11-02-35.jpg?itok=afNs_4cq,99
94,Nick Cunningham,"The debate about peak oil demand always tends to focus on how quickly electric vehicles will replace the internal-combustion engine, especially as EV sales are accelerating. However, the petrochemical sector will be much more difficult to dislodge, and with a… [+4558 chars]","The debate about peak oil demand always tends to focus on how quickly electric vehicles will replace the internal-combustion engine, especially as EV sales are accelerating. However, the petrochemical sector will be much more difficult to dislodge, and with a…",2018-10-07T23:00:00Z,"{'id': None, 'name': 'Oilprice.com'}",The Next Pillar Of Oil Demand Growth,https://oilprice.com/Energy/Energy-General/The-Next-Pillar-Of-Oil-Demand-Growth.html,https://d32r1sh890xpii.cloudfront.net/article/718x300/6326ad5ab7f370865a89564979ea0b2f.jpg,60
95,Chronicle News Services,"News of the Day From Across the Nation 1 Severe storm: Newly named Tropical Storm Michael could strengthen to a hurricane as it heads toward the Florida Panhandle, the U.S. National Hurricane Center said Sunday. The agency advised residents along the northeas… [+2665 chars]","1 Severe storm: Newly named Tropical Storm Michael could strengthen to a hurricane as it heads toward the Florida Panhandle, the U.S. National Hurricane Center said Sunday. The agency advised residents along the northeastern and central Gulf Coast to monitor …",2018-10-07T23:07:48Z,"{'id': None, 'name': 'Sfgate.com'}",News of the Day From Across the Nation,https://www.sfgate.com/nation/article/News-of-the-Day-From-Across-the-Nation-13288763.php,https://s.hdnux.com/photos/42/45/41/9066595/9/rawImage.jpg,88
96,,"Niyi Odebode, Olusola Fabiyi, Olalekan Adetayo, Ihuoma Chidozie, Simeon Utebor, Adelani Adepegba, Chukwudi Akasike, Leke Baiyewu, Etim Ekpimah, Olaleye Aluko, John Charles, Peter Dada, and Justin Tyopuusu Former Vice President Atiku Abubakar on Sunday at the … [+21479 chars]","The Punch Presidential ticket: Atiku begins search for running mate The Punch Niyi Odebode, Olusola Fabiyi, Olalekan Adetayo, Ihuoma Chidozie, Simeon Utebor, Adelani Adepegba, Chukwudi Akasike, Leke Baiyewu, Etim Ekpimah, Olaleye Aluko, John Charles, Peter Da…",2018-10-07T23:30:49Z,"{'id': None, 'name': 'Punchng.com'}",Presidential ticket: Atiku begins search for running mate - The Punch,https://punchng.com/presidential-ticket-atiku-begins-search-for-running-mate/,https://cdn.punchng.com/wp-content/uploads/2018/10/08003140/Atiku1.jpg,57
97,Bloomberg,A man looks at an electronic board displaying stock information at the Australian Securities Exchange in Sydney. (Bloomberg pic) SINGAPORE: Asian stocks looked set to kick off the week with declines and the yuan slipped as investors assessed the latest move b… [+2051 chars],There’s also been a souring of sentiment on technology shares amid an escalating face-off between the world’s two-largest economies.,2018-10-07T23:53:27Z,"{'id': None, 'name': 'Freemalaysiatoday.com'}","Asian stocks to slip; Yuan dips, PBOC eases policy",https://www.freemalaysiatoday.com/category/business/2018/10/08/asian-stocks-to-slip-yuan-dips-pboc-eases-policy/,https://s3media.freemalaysiatoday.com/wp-content/uploads/2018/10/australia-stock-exchange-asia-bloomberg-asx-08102018.jpg,49
98,Bloomberg,"Firat Kayakiran Monday, October 08, 2018 (Bloomberg) -- The oil tanker market is surging amid signs that impending U.S. sanctions against Iran are prompting rival producers in the Middle East to ramp up shipments. Rates to haul 2-million-barrel cargoes to Asi… [+2685 chars]",The oil tanker market is surging amid signs that impending US sanctions against Iran are prompting rival producers in the Middle East to ramp up shipments.,2018-10-08T00:00:00Z,"{'id': None, 'name': 'Rigzone.com'}",Oil Tanker Rates Surge as Iran Rivals Look to Be Boosting Supply,https://www.rigzone.com/news/wire/oil_tanker_rates_surge_as_iran_rivals_look_to_be_boosting_supply-08-oct-2018-157146-article/,https://images.rigzone.com/images/rz-facebook.jpg,24
99,"Associated Press, By Associated Press","DUBAI, United Arab Emirates — A subsidiary of General Electric Co. has agreed to purchase a 5-percent stake in the drilling arm of Abu Dhabi's state oil company for $550 million. The deal announced on Monday with Baker Hughes, also known as BHGE, values the d… [+486 chars]","DUBAI, United Arab Emirates — A subsidiary of General Electric Co. has agreed to purchase a 5-percent stake in the drilling arm of Abu Dhabi&#39;s state oil company for $550 million.The deal announced on Monday with Baker Hughes, also known as BHGE, values th…",2018-10-08T00:00:00Z,"{'id': None, 'name': 'Bostonherald.com'}",GE firm buys 5-percent stake in Abu Dhabi's state driller,http://www.bostonherald.com/news/international/2018/10/ge_firm_buys_5_percent_stake_in_abu_dhabis_state_driller,,21
100,Bloomberg,"Sheela Tobben Monday, October 08, 2018 (Bloomberg) -- Even though Beijing hasn’t sanctioned American oil imports yet, Chinese buyers aren’t taking any chances. The world’s second largest economy halted purchases of U.S. crude in August for the first time sinc… [+1642 chars]","Even though Beijing hasn't sanctioned American oil imports yet, Chinese buyers aren't taking any chances.",2018-10-08T00:00:00Z,"{'id': None, 'name': 'Rigzone.com'}",China Slams Brakes on US Crude Oil Imports,https://www.rigzone.com/news/wire/china_slams_brakes_on_us_crude_oil_imports-08-oct-2018-157147-article/,https://images.rigzone.com/images/rz-facebook.jpg,15
101,communities@mercola.com (Dr. Joseph Mercola),"By Dr. Mercola Omega-3 fats are essential polyunsaturated fats (PUFAs) your body needs for proper cell division and function of cell receptors, digestion, muscle activity, blood clotting, visual acuity, cognition, heart health and much more. Most omega-3s are… [+16636 chars]","By Dr. Mercola Omega-3 fats are essential polyunsaturated fats (PUFAs) your body needs for proper cell division and function of cell receptors, digestion, muscle activity, blood clotting, visual acuity, cognition, heart health and much more. Most omega-3s are…",2018-10-08T00:00:00Z,"{'id': None, 'name': 'Mercola.com'}",Omega-3 Fat EPA Significantly Lowers Heart Disease Risk,https://articles.mercola.com/sites/articles/archive/2018/10/08/epa-lowers-heart-disease-risk.aspx,https://media.mercola.com/ImageServer/Public/2018/April/FB/04-02-omega-3-level-mortality-predictor-fb.jpg,54
102,Bloomberg,"Samuel Robinson Monday, October 08, 2018 (Bloomberg) -- Oil slipped to a one-week low amid signs that Iranian supply disruptions may not be as severe as expected. Futures declined 5 cents a barrel on Monday after last week touching the highest since 2014. U.S… [+2924 chars]",Oil slipped to a one-week low amid signs that Iranian supply disruptions may not be as severe as expected.,2018-10-08T00:00:00Z,"{'id': None, 'name': 'Rigzone.com'}",Crude Touches One-Week Low as Iranian Shortage Fears Are Eased,https://www.rigzone.com/news/wire/crude_touches_oneweek_low_as_iranian_shortage_fears_are_eased-08-oct-2018-157148-article/,https://images.rigzone.com/images/news/articles/157148_582x327.png,50
103,Tim Daiss,"Rigzone Contributor Monday, October 08, 2018 Global oil prices are continuing their upward trajectory amid concerns that more Iranian barrels will be removed from the market once U.S. sanctions hit the country’s energy sector Nov. 4. Oil market jitters are al… [+3762 chars]",OPEC+ with Saudi-Russian cooperation will retain its hold on global oil supply and continue to reshape the world order for oil.,2018-10-08T00:00:00Z,"{'id': None, 'name': 'Rigzone.com'}",Saudi-Russian Cooperation Marks New World Order For Oil,https://www.rigzone.com/news/saudirussian_cooperation_marks_new_world_order_for_oil-08-oct-2018-157142-article/,https://images.rigzone.com/images/news/articles/157142_582x327.png,22
